<?xml version="1.0" encoding="UTF-8" ?>
<adfmf:features xmlns:xsi="http://www.w3.org/2001/XMLSchema-instance" xmlns:adfmf="http://xmlns.oracle.com/adf/mf">
  <adfmf:feature id="INCIDENTLOCATOR" name="INCIDENTLOCATOR" securityEnabled="false">
    <adfmf:content id="INCIDENTLOCATOR.1">
      <adfmf:amx file="INCIDENTLOCATOR/appTaskFlow.xml#appTaskFlow"/>
    </adfmf:content>
    <adfmf:properties id="p1">
      <adfmf:property name="iOSWebView" value="legacy" id="p2"/>
    </adfmf:properties>
  </adfmf:feature>
</adfmf:features>
