<?xml version="1.0" encoding="UTF-8" ?>
<pageDefinition xmlns="http://xmlns.oracle.com/adfm/uimodel" version="12.2.1.1.20" id="LoginPageDef"
                Package="mobile.pageDefs">
  <parameters/>
  <executables>
    <variableIterator id="variables"/>
    <iterator Binds="root" RangeSize="25" DataControl="Account" id="AccountIterator"/>
  </executables>
  <bindings>
    <attributeValues IterBinding="AccountIterator" id="email">
      <AttrNames>
        <Item Value="email"/>
      </AttrNames>
    </attributeValues>
    <attributeValues IterBinding="AccountIterator" id="password">
      <AttrNames>
        <Item Value="password"/>
      </AttrNames>
    </attributeValues>
    <methodAction id="login" RequiresUpdateModel="true" Action="invokeMethod" MethodName="login"
                  IsViewObjectMethod="false" DataControl="Account" InstanceName="data.Account.dataProvider"/>
  </bindings>
</pageDefinition>
