<?xml version="1.0" encoding="windows-1252" ?>
<adfc-mobile-config xmlns="http://xmlns.oracle.com/adf/controller" version="1.0">
  <task-flow-definition id="appTaskFlow">
    <default-activity>welcomePage</default-activity>
    <view id="welcomePage">
      <page>/welcomePage.amx</page>
    </view>
    <view id="signInPage">
      <page>/signInPage.amx</page>
    </view>
    <view id="signUpPage">
      <page>/signUpPage.amx</page>
    </view>
    <view id="homePage">
      <page>/homePage.amx</page>
    </view>
    <control-flow-rule id="__1">
      <from-activity-id>welcomePage</from-activity-id>
      <control-flow-case id="__2">
        <from-outcome>signIn</from-outcome>
        <to-activity-id>signInPage</to-activity-id>
      </control-flow-case>
      <control-flow-case id="__3">
        <from-outcome>signUp</from-outcome>
        <to-activity-id>signUpPage</to-activity-id>
      </control-flow-case>
    </control-flow-rule>
    <control-flow-rule id="__4">
      <from-activity-id>signInPage</from-activity-id>
      <control-flow-case id="__5">
        <from-outcome>home</from-outcome>
        <to-activity-id>homePage</to-activity-id>
      </control-flow-case>
    </control-flow-rule>
    <control-flow-rule id="__6">
      <from-activity-id>signUpPage</from-activity-id>
      <control-flow-case id="__7">
        <from-outcome>home</from-outcome>
        <to-activity-id>homePage</to-activity-id>
      </control-flow-case>
    </control-flow-rule>
    <page-flow-scope-behavior>
      <push-new/>
    </page-flow-scope-behavior>
  </task-flow-definition>
</adfc-mobile-config>
